Theme,Type,Clue
General knowledge,general,jekyll
General knowledge,general,css
General knowledge,general,ruby
General knowledge,general,EBM
General knowledge,general,core
General knowledge,general,biology
General knowledge,general,economics
General knowledge,general,xero
General knowledge,general,asynchronous
General knowledge,general,Github
General knowledge,general,Gitlab
General knowledge,general,Visual studio code
General knowledge,general,accessibility
General knowledge,general,figure automation
General knowledge,general,Adobe
General knowledge,general,Adobe Illustrator
General knowledge,general,Photoshop
General knowledge,general,Figma
General knowledge,general,Google
General knowledge,general,collaborative editing
General knowledge,general,Microsoft Word
General knowledge,general,Javascript
General knowledge,general,Liquid
General knowledge,general,&nbsp;
General knowledge,general,#FFFFFF
General knowledge,general,Booksquid
General knowledge,general,We have a Game Changer
General knowledge,general,CSV
General knowledge,general,meta.yml
General knowledge,general,ES
General knowledge,general,dual master problem
General knowledge,general,digitisation
General knowledge,general,stylesheets
General knowledge,general,multi-format output
General knowledge,general,epub
General knowledge,general,print PDF
General knowledge,general,screen PDF
General knowledge,general,HTML
General knowledge,general,software development
General knowledge,general,proofreading
General knowledge,general,indexing
General knowledge,general,codeship
General knowledge,general,automated testing
General knowledge,general,dynamic indexing
General knowledge,general,fork
General knowledge,general,branch
General knowledge,general,repository
General knowledge,general,svgs
General knowledge,general,yaml
General knowledge,general,dark mode
General knowledge,general,dickens
General knowledge,general,baby goat
General knowledge,general,squash
General knowledge,general,surfing
General knowledge,general,kirstenbosch
General knowledge,general,screenshot
General knowledge,general,zoom
General knowledge,general,accordion
General knowledge,general,WCAG 2.1 AA
General knowledge,general,div
General knowledge,general,span
General knowledge,general,tables generator
General knowledge,general,pandoc
General knowledge,general,node
General knowledge,general,phantom
General knowledge,general,chromium
General knowledge,general,api
General knowledge,general,Wordpress
General knowledge,general,Trello
General knowledge,general,Basecamp
General knowledge,general,Omidyar
General knowledge,general,gulp
General knowledge,general,EBT
General knowledge,general,Dropbox
General knowledge,general,Book Dash
General knowledge,general,Fire and Lion
General knowledge,general,Karen Lilje
General knowledge,general,synonym
General knowledge,general,antonym
General knowledge,general,complex
General knowledge,general,Bookmarks awards
General knowledge,general,London Book Fair
General knowledge,general,Frankfurt Book Fair
General knowledge,general,IBBY
General knowledge,general,Microsoft store
General knowledge,general,Android
General knowledge,general,Unix
General knowledge,general,Linux
General knowledge,general,docker